player_id,player_name,side,statcast_value,traditional_value,value_delta,statcast_rank,traditional_rank,rank_delta
642207,Devin Williams,pitching,1.765924807693477,0.1469243872339877,1.6190004204594892,6,191,185
669456,Shane Bieber,pitching,2.3975773081148337,0.9244044797651597,1.4731728283496741,2,10,8
608337,Lucas Giolito,pitching,2.0604104663548553,0.6820730223528463,1.378337444002009,3,29,26
594798,Jacob deGrom,pitching,1.9454867534355977,0.6618787342351535,1.2836080192004442,4,31,27
675916,James Karinchak,pitching,1.4200805591434669,0.1570215312928341,1.2630590278506328,18,187,169
628317,Kenta Maeda,pitching,1.736452718064708,0.48013014117591857,1.2563225768887896,8,63,55
506433,Yu Darvish,pitching,1.7735317165847462,0.5609072936466897,1.2126244229380565,5,44,39
621242,Edwin Díaz,pitching,1.297733381394362,0.12673009911629493,1.171003282278067,29,202,173
545333,Trevor Bauer,pitching,1.6869322828961621,0.6315873020586145,1.0553449808375477,11,33,22
605400,Aaron Nola,pitching,1.632505677648067,0.5811015817643824,1.0514040958836848,13,39,26
622491,Luis Castillo,pitching,1.5555350442307394,0.5205187174113041,1.0350163268194352,16,52,36
665742,Juan Soto,hitting,1.7190654507101832,0.685979620322917,1.0330858303872663,10,28,18
593934,Miguel Sanó,hitting,1.4133008805458527,0.4433894452908521,0.9699114352550006,19,75,56
668678,Zac Gallen,pitching,1.3793966653301388,0.4498387089993794,0.9295579563307594,23,71,48
543037,Gerrit Cole,pitching,1.6247164076951073,0.702267310470539,0.9224490972245682,14,27,13
